,batchsize,expr_train,expr_infer,session_infer
1,1,286.161530,124.116211,14.767
2,2,388.276001,140.128143,30.658
3,4,567.419067,167.807251,59.523
4,8,957.555481,231.594208,118.101
5,16,1763.947998,350.427673,179.840
6,32,3420.848877,587.163757,477.610
