,batchsize,expr_train,expr_infer,session_infer
1,1,8.825200,0.775617,0.473
2,2,11.062140,1.747776,0.683
3,4,11.837844,2.254905,0.713
4,8,14.948948,3.686882,1.208
5,16,20.789974,6.231494,2.080
6,32,28.671736,11.976077,3.787
