,batchsize,expr_train,expr_infer,session_infer
1,1,514.217041,37.111450,nan
2,2,827.890808,62.179150,nan
3,4,1345.373291,84.120956,nan
4,8,2459.495605,163.102249,nan
5,16,4814.503906,297.557648,nan
