,batchsize,expr_train,expr_infer,session_infer
1,1,150.240280,69.139252,10.804
2,2,299.129761,57.954247,25.246
3,4,607.883301,75.652946,52.927
4,8,1266.494873,123.436905,104.733
5,16,2704.473877,240.618500,205.572
