,batchsize,expr_train,expr_infer,session_infer
1,1,605.145508,127.002762,20.415
2,2,781.923950,163.829803,51.491
3,4,963.112976,184.989914,76.126
4,8,1472.107666,247.533646,133.010
5,16,2392.482910,366.182617,252.771
6,32,4384.532715,575.291260,463.398
