,batchsize,expr_train,expr_infer,session_infer
1,1,198.011688,59.832996,15.262
2,2,378.756378,61.334496,102.772
3,4,726.776428,92.547356,70.404
4,8,1450.953125,161.376617,135.418
5,16,2939.705078,289.122375,274.197
6,32,16602.007812,1481.481812,526.199
