,batchsize,expr_train,expr_infer,session_infer
1,1,403.159515,47.851952,11.090
2,2,671.411011,75.451401,27.646
3,4,1139.294312,67.859901,54.866
4,8,2248.813965,136.461639,116.205
5,16,4525.242188,287.795929,268.650
