,Lenet,GoogLenet,Squeezenet,Alexnet,Mobilenet
1,16.09897554746954,12.75470465407306,9.607036245104474,31.065836766441937,26.663237424211314
2,12.851903449898156,17.785424121765143,18.175821653979494,39.91780205053953,42.247664285325705
4,7.170329841296013,29.314058003434273,37.01612434209213,49.327329337169125,69.25130353721632
8,5.993160343257286,48.54597022331935,73.57119543067985,74.9036395755867,127.36859176165265
16,6.764999603060357,89.70194248271089,150.5956728854948,122.2957977352048,249.1018970323812
