,Lenet,GoogLenet,Squeezenet,Alexnet,Mobilenet
1,0.0142848052772578,0.4905655636181946,0.3695013940424798,1.1948398756323821,1.0255091317004352
2,0.020897403983574234,0.6840547739140439,0.6990700636145959,1.5353000788669051,1.6249101648202193
4,0.019973063624779977,1.1274637693628566,1.4236970900804666,1.8972049745065052,2.66351167450832
8,0.02594441707037786,1.8671527008968982,2.829661362718456,2.880909214445642,4.898791990832794
16,0.040508979659044056,3.450074710873496,5.792141264826723,4.703684528277107,9.580842193553122
