,Lenet,GoogLenet,Squeezenet,Alexnet,Mobilenet
1,0.0142848052772578,0.4905655636181946,0.3695013940424798,1.1948398756323821,1.0255091317004352
2,0.010448701991787117,0.34202738695702195,0.34953503180729795,0.7676500394334526,0.8124550824101097
4,0.004993265906194994,0.28186594234071416,0.35592427252011666,0.4743012436266263,0.66587791862708
8,0.0032430521337972326,0.23339408761211228,0.353707670339807,0.36011365180570526,0.6123489988540992
16,0.0025318112286902535,0.2156296694295935,0.3620088290516702,0.2939802830173192,0.5988026370970702
