,batchsize,expr_train,expr_infer,session_infer
1,1,276.578339,102.150558,10.626
2,2,357.790283,95.543594,20.520
3,4,499.326080,109.652206,39.705
4,8,836.587036,148.430267,78.124
5,16,1529.449463,226.212433,167.886
