,batchsize,expr_train,expr_infer,session_infer
1,1,498.483246,84.924606,18.038
2,2,662.951538,112.603859,50.941
3,4,844.052734,135.043701,75.297
4,8,1330.116943,198.591812,136.591
5,16,2268.904541,310.292847,253.366
