,batchsize,expr_train,expr_infer,session_infer
1,1,9.657965,0.735792,0.221
2,2,12.346462,1.555727,0.517
3,4,13.750453,2.026382,0.646
4,8,16.259598,3.338058,1.094
5,16,19.145403,5.553464,3.404
