,batchsize,VIRT,RES,SHR,cpuUsage_train,cpuUsage_infer,battery_current,battery_voltage,usb_current,usb_voltage
1,1.0,88.0,67.0,0.0,247.0,,227538.0,4404773.0,485615.0,4850346.0
2,2.0,90.0,69.0,0.0,267.5,296.0,0.0,4354236.0,485615.0,4852680.0
3,4.0,92.0,71.0,0.0,272.5,,78124.0,4353016.0,486265.0,4852290.0
4,8.0,102.0,74.0,0.0,314.6666666666667,,0.0,4318104.0,484320.0,4852680.0
5,16.0,106.0,83.0,0.0,319.1666666666667,,0.0,4307850.0,485290.0,4853070.0
