,batchsize,expr_train,expr_infer,session_infer
1,1,10.089232,0.486149,0.329
2,2,11.291430,0.892889,0.533
3,4,12.235376,1.056753,0.741
4,8,14.349931,1.544290,1.142
5,16,17.331593,2.546622,2.144
