,batchsize,expr_train,expr_infer,session_infer
1,1,554.103394,108.686157,16.895
2,2,713.248901,110.901451,46.842
3,4,857.213379,119.651512,64.759
4,8,1304.486084,186.555710,109.979
5,16,2130.645752,290.494080,205.183
