,batchsize,expr_train,expr_infer,session_infer
1,1,219.973969,80.204300,11.512
2,2,309.836884,90.701462,25.405
3,4,457.120361,113.251610,45.557
4,8,789.611938,150.967056,92.466
5,16,1501.814087,235.506516,185.698
